Warning_Level,Precision,Recall,F1_Score,Support
CRITICAL_LOCKDOWN,99.85210746857284,99.16768665850674,99.5087202161631,4085
HIGH_RESTRICTIONS,99.16195265032475,99.41188825876917,99.28676316341515,4761
LOW_MONITORING,94.2982456140351,97.72727272727273,95.98214285714286,220
MODERATE_MEASURES,97.95763993948563,98.55403348554034,98.25493171471928,1314
